hashtag,count
#andyvermautsharesthisnewswithloveandhopes,1
#theworldcanbecomeabetterplacesomedaysometime,1
#weneedmoreloveforworldpeacenowandalways,1
#bestinnovation,1
#courses,5
#covid,9
#northkorea,1
#mosaicmonday,4
#owl,9
#roman,3
#iran,25
#trump,125
#lfc,36
#petroldieselprice,1
#mondaymotivation,110
#crypto,103
#inflation,7
#russianukraineplay,1
#abc730,3
#auspol,29
#traitortrump,1
#traitor,2
#america,9
#gop,8
#ynwa,8
#vintagedoll,2
#vintagetoys,3
#creepycute,1
#breaking,71
#us,12
#taiwan,30
#china,56
#india,23
#balochistanisnotpakistan,1
#nehru,2
#everearn,1
#giveaway,36
#thisiseverearn,1
#bnb,49
#cryptos,6
#cryptocurrencies,17
#everearngiveaway,1
#foreignministry,1
#gulfarab,1
#newskarnataka,1
#vintageteardropearrings,1
#corporategreed,5
#pricegouging,5
#demvoice1,41
#bluevoices,25
#usa,25
#internationalwomensday,1
#scotch,2
#whisky,2
#loris,1
#arynews,1
#sarkaruvaaripaata,1
#amrefendfistula,1
#labor,2
#morrison,2
#barnaby,2
#ausvotes22,10
#maga,117
#trump2024,103
#lfcfamily,5
#seo,6
#drone,1
#iccia,1
#workshop,2
#microfinance,1
#politas,2
#ausvotes,18
#vintageadvertising,1
#vintagekeychain,1
#vintagephone,1
#startrekstrangenewworlds,2
#realestate,4
#bbau,8
#hillaryclinton,1
#editorialeningl√©s,1
#editorialenvoz,1
#editorial,1
#editoriallist√≠n,1
#list√≠ndiario,1
#hate,2
#paypal,2
#putin,21
#chinese,2
#nft,141
#blockchain,43
#censorship,2
#bhoolbhulaiyaa2,1
#hindi,1
#blockchains,3
#socialmedia,25
#smm,4
#iotsecurity,3
#startups,5
#cbdc,1
#btc,67
#eth,75
#doge,7
#indonesia,1
#saudiarabia,3
#abadan,10
#ÿ¢ÿ®ÿßÿØÿßŸÜ,5
#santshriasharamjibapu,1
#santshriasharamjiashram,1
#menwithgame,1
#mentoo,1
#milf,39
#nude,34
#sexy,42
#auspol2022,4
#whitelist,4
#speakmans,1
#thismorning,4
#socialfi,1
#dao,4
#bnbchain,6
#bscgems,6
#bsc,21
#defi,39
#web3,12
#sharetoearn,1
#tmac,1
#binance,61
#bitcoin,79
#solana,24
#dapps,6
#pancakeswap,2
#trx,6
#goodnight,1
#sleepyjoe,2
#paperback,1
#book,15
#read,14
#writingcommunity,23
#bookpromo,7
#bookplug,7
#booklover,8
#bookbuzz,6
#facebook,2
#facebookmarketing,1
#facebookads,11
#domains,1
#domainnames,1
#startup,5
#venturecapital,2
#technology,49
#cryptocurrency,74
#baloch,2
#panjgur,2
#balochistan,2
#etc,5
#etcusdt,4
#getprofit,3
#rusia,3
#dcrusdt,1
#whale,3
#dcr,1
#0xbaec,1
#scientistrebellion,1
#unite2fightcorona,1
#granny,13
#fetish,19
#naked,21
#ukraine,62
#breakingnews,6
#vinyl,1
#tits,4
#pussy,13
#xxx,7
#slut,4
#cum,3
#cumshot,3
#ass,6
#innovation,35
#fintech,21
#insurtech,4
#finsevr,3
#ai,132
#edtech,8
#finance,4
#govtech,3
#ehealth,3
#iot,74
#ethereum,27
#balenciaga,1
#cryptocurrencynews,4
#aleenes,1
#angels,1
#diy,2
#howto,2
#angel,1
#craft,1
#foxnews,23
#illegitimate,1
#writafrica,1
#transfers,1
#etsy,8
#pottiteam,1
#patriotism,1
#american,1
#madeinusa,2
#teamestelle,1
#rbxs,27
#rbxsamurai,12
#lunarcrush,7
#investment,3
#cloudcomputing,6
#hosting,2
#datacenter,2
#newsindia,1
#solananft,2
#solananfts,7
#sol,16
#100xgem,2
#mature,16
#boobs,33
#kateliss,8
#nsfw,36
#lilaa,8
#horny,26
#nsfwtwt,22
#model,14
#highheels,4
#news,89
#trending,9
#nucoin,4
#nuc,2
#nugenesis,4
#tron,2
#series,2
#paranormal,6
#thrillers,2
#audiobook,2
#wtpblue,10
#wtpearth,3
#metaverse,30
#bitsofnews,1
#citycafe,7
#number1lifestylestation,15
#maskup,15
#100daysofcode,82
#opensea,6
#khodayari,1
#free,3
#bibleprophecy,2
#endtimes,2
#heaven,1
#afterlife,1
#judgmentday,1
#education,2
#ar,3
#cardano,2
#trezor,1
#wallet,1
#burnluna,1
#lunatics,1
#voc,1
#voiceofcrypto,1
#nfts,46
#rpg,2
#genderbender,1
#fantasy,4
#youngadult,1
#humor,1
#romance,3
#occult,2
#spiritual,3
#beliefs,2
#kindle,6
#writers,3
#bookboost,1
#politics,6
#corruption,3
#4corners,6
#omicron,1
#linear,1
#jumbopool,1
#stake,1
#nearity,1
#near,1
#yieldfarming,1
#uyghur,1
#quran,1
#islam,1
#uyghurgenocide,1
#easyar,1
#analytics,23
#googleads,10
#opencomment,1
#humanrights,3
#supplychain,3
#logistics,1
#gongjun,2
#naturalgas,1
#energy,12
#ngw,3
#russia,72
#biden,28
#ourbluevoice,2
#japan,3
#australia,3
#military,5
#pacific,1
#security,11
#ship,2
#qingdao,1
#salmon,1
#fishing,1
#cnn,2
#world,5
#saudi,2
#twitter,5
#movie,3
#bb,2
#strongertogether,4
#vote,5
#uk,3
#ww3,2
#sweden,2
#fmsays,1
#ic,19
#abiyahmedali,17
#tigray,62
#newsmap,1
#mariupol,2
#russiantankertracker,1
#technews,9
#cybersecurity,39
#ransomware,1
#internet,3
#cyberwar,2
#conti,1
#gs12dbarcodes,1
#ukrainerussiawar,5
#weddingphotography,1
#kunming,1
#yunnan,1
#interior,2
#chinesearchitecture,1
#interiordesign,49
#nepal,1
#pakiatan,1
#panjshir,1
#nrf,2
#afghanistan,1
#joebiden,2
#usarmy,1
#ukraineunderattack,1
#putinswar,4
#ironic,1
#ironore,1
#academicboycott,1
#apartheidisrael,1
#bds,1
#palestinian,1
#mining,3
#bbnaija,2
#toto,1
#business,7
#cfo,1
#moscow,9
#hungary,2
#oott,2
#update,2
#shanghai,2
#uyghurs,1
#serbia,2
#pewpew,2
#belarus,2
#commoditytracker,2
#oil,7
#commodities,2
#weekahead,1
#reshetnikov,1
#apec,1
#museums,1
#internationalmuseumday,1
#russiaukraineconflict,1
#buddha,1
#jaibhim,1
#ukrainian,3
#nlaw,1
#norweigan,1
#bulgarian,1
#privacy,4
#gdpr,4
#datascience,72
#literacy,2
#algorithms,3
#cannesfilmfestival,1
#pakistan,7
#indvspak,1
#asiacup,1
#desantis,1
#harvard22,3
#harvard20,1
#harvard21,1
#godshinesforth,1
#mondaymotivator,1
#sunakout,4
#brandrishi,2
#nftcommunity,51
#nftgiveaway,23
#punk,1
#rarible,2
#art,94
#pixelart,2
#gosloto,3
#5x36,3
#altcoins,7
#hodl,3
#trading,9
#freedom,4
#ecb,1
#russian,4
#everrise,21
#everrisev3,1
#everriseedu,1
#matic,6
#1000xgem,1
#buildstuff,1
#fantom,4
#iota,1
#dyor,1
#ethereumclassic,1
#cryptoasset,1
#photography,9
#jaytablantephotography,1
#jaytablante,1
#models,2
#glamour,2
#women,2
#lingerie,4
#swimsuit,2
#bikini,1
#bigdata,47
#tech,41
#digital,13
#cloud,12
#blockchaingames,2
#vr,4
#nftart,31
#nftcollectors,3
#nftcollector,15
#imd,1
#internationalmegadigital,1
#cyberpunk,1
#cyberpunkz,1
#scifi,7
#vaporwave,1
#findom,2
#bnwo,1
#humanatm,1
#queenofspades,1
#qos,1
#bbcslut,1
#humiliation,1
#cuckold,1
#paypig,1
#bbconly,1
#built4bbc,1
#bbcworship,1
#blackbred,1
#bbcwhore,1
#hotwife,2
#saynotowhiteboys2022,1
#godmorningmonday,9
#newnftprofilepic,1
#nftcollection,10
#nftgiveaways,3
#wirexwallet,1
#eurs,1
#waves,1
#okex,1
#pulpmags,1
#wanacceleration,1
#bandwidth,1
#wans,1
#sdwan,1
#portrockit,1
#datatransfer,1
#wan,1
#thecloud,1
#publicsectorwan,1
#packetloss,1
#dataparallelisation,1
#machinelearning,66
#python,49
#instructables,1
#blackberry,1
#purplefox,1
#prevent1st,1
#coal,1
#ŸÖÿ™ÿ±ŸàŸæŸÑ,1
#metaple,3
#amm,1
#metaplefinance,1
#cryptogame,1
#playtoearn,3
#mlx,2
#money,3
#xrp,10
#ada,13
#dot,3
#luna,6
#ltc,3
#uni,4
#shiba,3
#avax,37
#cryptonews,5
#1000x,1
#cluna,1
#clunatics,1
#morningjoe,2
#monkeypox,9
#worstpresidentever,1
#resist,4
#notmypresident,1
#trumprussia,1
#redscare,1
#mueller,1
#clintoncampaignfraud,1
#voteblue,8
#votebluein2022,5
#votebluetoprotectwomen,4
#vintage,67
#rediscova,45
#homedecor,57
#interiors,45
#interiorstyling,46
#tableware,45
#studioglass,45
#pottery,47
#ceramics,46
#antiques,46
#love,75
#bamboo,45
#mediawatch,2
#ecash,1
#xec,1
#knownews,1
#mrfoxawards,1
#mrfox,1
#photographer,2
#hot,6
#iiot,32
#pytorch,58
#javascript,66
#reactjs,11
#wordpress,4
#sql,3
#iotpl,10
#iotcommunity,10
#intrernetofthings,10
#5g,14
#smartthings,10
#internetofeverything,10
#industry40,12
#smartcity,10
#digitalcity,10
#infographic,5
#theohioplayersproject,2
#biopic,2
#asteelefilms,2
#servers,1
#webmaster,1
#cheapwebsites,1
#virtualprivateserver,1
#webdevelopment,5
#marketing,5
#marketingstrategy,1
#reddit,2
#social,2
#peace,8
#shelter,1
#roblox,8
#azure,10
#cython,8
#rstats,19
#dotnet,8
#cpp,8
#java,52
#btsv,7
#turkey,2
#jennypink,1
#teen,6
#toys,3
#pornstar,3
#babe,2
#italian,1
#cosplay,1
#hotass,1
#assfuck,1
#sextoys,1
#bigboobs,7
#dildoass,1
#wetpussy,2
#adulttoys,1
#assfingering,1
#italianpornstar,1
#dildomasturbation,1
#latex,1
#rubber,1
#catsuit,1
#skinsuit,1
#skinthight,1
#fullsuit,1
#gay,17
#datascientist,9
#ml,15
#artificialintelligence,19
#finperform,1
#immunai,1
#computervision,1
#arduino,1
#tinyml,1
#machinevision,1
#climate,1
#com,1
#canada,4
#oilandgas,2
#passiveincome,4
#bft,1
#gamefi,7
#milo,1
#bnbswap,1
#knickers,1
#panties,2
#mirrormonday,1
#topless,1
#giveaways,2
#cekilis,1
#vechain,2
#usd,1
#winning,1
#ruble,1
#cryptomarkets,1
#currencies,1
#murdochroyalcommission,1
#bucha,8
#ukraineunderatta—Åk,3
#codenewbie,24
#womenwhocode,60
#programming,27
#academictwitter,18
#marveladay,1
#dd54,1
#uttarpradesh,1
#speek,1
#tor,1
#chatapp,1
#chat,1
#encryption,1
#cybercrime,1
#tellimer,1
#emergingmarkets,1
#davos2022,3
#actionagainstdrugs,1
#punjabfightsdrugs,1
#johnsonout119,4
#fox13,2
#south24,1
#industry4,1
#cryptopayments,1
#bitcoins,1
#bitcoiners,1
#cryptotrading,4
#devops,3
#devsecops,3
#appdev,1
#developer,3
#velocity,1
#kubernetes,4
#containers,1
#emergingtech,2
#hexaware,1
#coruzant,2
#cto,3
#cardanousdcoinmetrics,1
#christinelagarde,1
#markets,1
#jobalert,3
#jenkins,1
#communicationskills,1
#workfromhome,1
#mondaymotivationtoday,1
#spinning,1
#sweat,1
#staycozy,1
#dogsoftwitter,3
#bostonterrier,1
#mean,2
#busy,2
#banana,2
#crystl,2
#nftgaming,2
#1000xgems,1
#p2e,3
#stablecoin,2
#ecosystem,2
#avaxholicanalytics,1
#avaxdt,1
#cssadt,1
#barbarism,1
#adventure,1
#mystery,2
#reindeer,1
#hockey,1
#stories,1
#thehauntvault,1
#computing,3
#emedicoz,2
#damsdelhi,2
#neetpg,2
#neetpg2022,1
#inicet,2
#medtwitter,3
#massage,2
#masseuse,1
#oiled,1
#blowjob,3
#orgasm,1
#stx,1
#hard,3
#hardcore,1
#porn,10
#videoporn,1
#sexytubexxx,1
#cunnilingus,1
#licking,1
#sask,1
#manufacturing,2
#trade,4
#saskatchewan,1
#regina,1
#saskatoon,1
#princealbert,1
#moosejaw,1
#swiftcurrent,1
#economy,2
#palmoil,1
#ipv6,2
#m2m,2
#internetofthings,8
#ioe,2
#puli,11
#scotrail,1
#bs,1
#decentralization,1
#digitization,2
#monero,1
#pharmajobs,1
#jobsearch,1
#pharma,1
#recruiting,1
#healthcare,3
#careers,2
#gmb,1
#lifecoach,1
#motivation,6
#teamzay,1
#positivity,1
#garyvee,1
#monday,2
#aggregate,1
#mininglife,1
#quarry,1
#quarrylife,1
#maxwear,1
#samscreen,1
#hardhatlife,1
#mondaythoughts,7
#dementia,1
#trumpwon,2
#fjb,2
#motherofalltrumptrains,2
#islambad,1
#rbx,4
#rbxstoken,1
#onev1,24
#neverforgetjanuary6th,1
#actinginspo,1
#inspiration,2
#actingtips,1
#actors,1
#casting,1
#youcandoit,1
#niccitopping,1
#nftarts,2
#votebluetosavedemocracy,4
#ff,3
#defiyield,4
#defiproject,3
#aufin,1
#metaverse_ico_,1
#bscgemalert,4
#politiciancorporateinvestors,1
#cpdp2022,1
#predictivepolicing,1
#nftartist,12
#democracy,2
#genderequality,1
#darkfantasy,1
#adultdarkfantasy,1
#historicalfantasy,1
#bscgemsalert,1
#anime,2
#discount,1
#deal,2
#baoshangen,1
#atrodam,1
#opensource,9
#film,1
#denyinghealthcare,1
#foreclosures,1
#ourgis,1
#warcrimes,2
#corporateorganizedcrimesyndicates,1
#asha,1
#wha75,2
#zomato,2
#cleanwater,1
#mondaymotivaton,2
#mondayblues,1
#mondayblogs,1
#quotes,1
#quotestoliveby,1
#quotesoftheday,2
#quotesforlife,1
#quotesdaily,1
#inspirationmonday,1
#inspirationalquotes,2
#inspirationalquote,1
#ernest6words,1
#sixwordstories,1
#sixwordquotes,1
#bcgame,1
#cryptogames,1
#cctip,1
#quadsummit2022,1
#employees,2
#mfine,1
#kyiv,1
#wef22,4
#pulinft,2
#pulitoken,3
#pulifam,1
#prizes,1
#stripgame,1
#stripmenow,1
#stripclublife,1
#wifetease,1
#wifedesire,1
#wifeass,1
#bootyworship,1
#hostinginfo,1
#windowsvps,1
#ssdcloudvps,1
#pinterest,1
#techtips,1
#luckyrootoken,1
#saitamask,1
#saitama,1
#parametricinsurance,1
#towardsai,1
#mlops,2
#deeplearning,14
#research,6
#coding,3
#deepfake,1
#facialrecognition,1
#energysupply,1
#fossilfuels,1
#energyprices,1
#climatechange,3
#climatecrisis,3
#netzero,3
#emissions,1
#techrepublic,1
#chatbots,1
#banking,3
#avatars,3
#smartnews,5
#marcorubles,4
#ÿßŸÖŸæŸàÿ±Ÿπ⁄à_ÿ≠⁄©ŸàŸÖÿ™_ŸÜÿßŸÖŸÜÿ∏Ÿàÿ±,1
#domesticterrorism,1
#shame,1
#writing,5
#nbaplayoffs,2
#dubnation,1
#iracemeta,1
#sport2earn,1
#move2earn,2
#unitednations,1
#geneva,1
#un,3
#industrialproducts,1
#channelmanager,1
#mainland,1
#industry,1
#mechanical,1
#electricaldesign,1
#blockchaintechnology,1
#lgbtq,2
#community,3
#outreach,1
#providers,2
#healthcaremarketing,2
#patients,2
#medicalneeds,1
#digitalmarketing,5
#inlfuencer,1
#blog,2
#proctoru,1
#meazurelearning,1
#hybrid,1
#morale,1
#remotework,1
#monthlyrecap,1
#blogger,1
#ageism,1
#hospitals,1
#vendors,1
#strategy,1
#october2021,1
#linkedinforcreators,1
#forex,4
#dollar,2
#fx,2
#naira,2
#exchangerate,2
#nigeria,2
#endsars,2
#finserv,2
#cnftgiveaway,1
#ethiopian,1
#savedemocracy,2
#eritrean,1
#fatedmates,1
#urbanfantasy,1
#paranormalromance,1
#shifterromance,1
#immortalmagic,1
#c,3
#css,3
#ad,8
#endstandardizedtesting,1
#tensorflow,3
#lean,2
#agile,2
#automation,3
#sensors,2
#usedknickers,1
#pantieseller,1
#gstring,1
#wetpanty,1
#wornknickers,1
#iotcl,9
#republicans,3
#shibanft,1
#lyman,1
#csharp,4
#eminem,1
#bts,2
#wwiii,1
#amr,1
#lastminut,1
#sundaytimesrichlist,1
#solanasummer,1
#nftdrop,12
#ftm,24
#rebasedao,1
#ohm,1
#girl,1
#pink,1
#pretty,1
#thong,1
#brunette,2
#selfie,1
#longhair,1
#glamourgirl,1
#offers,5
#freeshipping,7
#inspectandcollect,5
#ccuk4s,4
#wdyt,2
#glass,1
#amethyst,1
#nouveau,1
#festoon,1
#necklace,2
#ecochic,3
#teamlove,3
#vogueteam,2
#rtoe1,3
#ku,1
#gujarat,1
#map,1
#mapsofindia,1
#catholic,1
#catholicnews,1
#sarscov2,1
#drugresistance,1
#covid19,1
#europe,2
#health,2
#germany,3
#bscgem,4
#economics,1
#blacklivesmatter,4
#nature,3
#paulkrugman,1
#martinlutherking,1
#racism,3
#dakotaclifford,1
#bolo,1
#criticalmissing,1
#coins,1
#future,10
#thriller,1
#fiction,1
#bookrecommendations,1
#uline,1
#deviseproject,1
#shitcoins,1
#liars,1
#staking,2
#rubylane,4
#retro,7
#jewelry,7
#brooch,5
#critters,2
#figurals,4
#nftfam,2
#nftcommumity,2
#umranmalik,1
#ipl2022,1
#openbo,1
#dailyhunt,1
#rainbow,1
#sunrise,1
#trail,1
#optoutside,1
#hiking,2
#winter,1
#digitaltransformation,6
#dalvsgsw,1
#gswvsdal,1
#breakinnews,1
#insurance,1
#nlp,1
#robots,1
#humans,2
#cryptogiveaway,2
#cockrate,2
#dickrate,2
#tradeteen,2
#onlyfans,10
#cocktribute,2
#digitalmarketingagency,1
#metalands,2
#decentralized,1
#citydao,3
#disappeared,1
#milipol2022,1
#doha,1
#vivox80,2
#photographyredefined,1
#polygon,22
#techiewomen,2
#technie,2
#eggholder,3
#oak,3
#practical,3
#microbiome,1
#sexymature,5
#milfover50,4
#hotmoms,4
#gilfguns,1
#frombehind,1
#gilf,1
#booty,4
#resistanceunited,17
#trends,3
#tothemoon,3
#bunnyarmy,1
#mountanaz,1
#binancesmartchain,1
#cake,1
#mnaz,1
#ainews,8
#analyticsinsight,5
#analyticsinsightmagazine,5
#cultivation,1
#farming,1
#encyclopedia,1
#growing,1
#cannabis,2
#boobieflash,1
#publicflash,1
#outside,1
#bbw,2
#rt,7
#ventiswap,1
#chart,1
#coinmarketcap,3
#tmtinsta,4
#music,4
#magazine,1
#incest,2
#incestuous,1
#incestisbest,1
#taboo,1
#taboofantasy,1
#bigcock,1
#familystrokes,1
#html,1
#thecode,1
#theoutput,1
#simulation,1
#fmge,1
#neetpgrevision,1
#mbbs,1
#doctor,1
#rock,1
#countrymusic,1
#folkmusic,1
#bluesmusic,1
#blues,1
#jazz,2
#radio,1
#onlineradio,1
#radiostation,1
#listenlive,1
#newmusic,1
#rockmusic,1
#tunein,1
#internetradio,1
#nowplaying,1
#entertainment,2
#fun,2
#companies,2
#fortnite,2
#cfnm,1
#guy,1
#nudist,1
#publicitynude,1
#nudism,1
#man,1
#sap,1
#defense,2
#swiss,1
#watches,2
#hongkong,1
#otv,1
#brexit,1
#nodejs,49
#javascripttflx,3
#medeepakjain,3
#learnwithdeepak,3
#macos,3
#nac,1
#thechoice,1
#frequencyinchinese,1
#chinesevocabulary,1
#chineseadverbs,1
#learnchinese,1
#chinesegrammar,1
#mandarinhq,1
#studymandarin,1
#chineseconversation,1
#chineselesson,1
#zhongwen,1
#hsk,1
#teal,1
#candidates,1
#liberals,1
#entrails,1
#mlc,2
#court,2
#strategic,2
#johnnydepp,2
#amberheard,1
#trial,1
#johnnydeppvsamberheard,2
#justiceforjohnnydepp,3
#testify,1
#stand,1
#softwareengineering,1
#government,1
#app,4
#online,3
#smart,1
#offices,1
#work,1
#futureofwork,5
#automatic,1
#covers,1
#pools,1
#smes,1
#dld22,1
#abstractart,5
#bnpparibas,1
#jpmorgan,1
#poc,1
#nftthailand,2
#media,4
#pressfreedom,1
#press,1
#standwithafghanwomen,1
#journalism,2
#journalists,1
#afghanistancrisis,1
#candydish,2
#heartbowl,2
#cherrybowl,1
#weddinggift,1
#redwhiteandblue,1
#memorialday,1
#clouds,1
#cloudscape,1
#mammatus,1
#abstractpainting,3
#interiordecor,4
#vintagebarware,1
#bestoffer,1
#curios,1
#collectibles,2
#vintagejewelry,4
#coronavirus,1
#liberalism,1
#newworldorder,1
#webdev,1
#dormosheio,1
#tutorial,2
#frontenddev,1
#natural,3
#bustymom,2
#thickwife,2
#ratemytits,1
#cleavage,2
#daddysgirl,1
#cute,2
#avalanche,1
#romancebooks,2
#romancenovels,2
#onechina,1
#elliottwave,1
#indices,1
#hydropower,1
#droughts,1
#floods,1
#ùíüùíæùëíùí∑ùí™1,1
#ùíüùíæùëíùí∑ùí™37,1
#coffee,3
#coffeemachine,1
#historicinventions,1
#patent,1
#patentnfts,1
#coffeepercolator,1
#inventors,1
#copyright,1
#replacementtheory,2
#contentmarketing,1
#wearecomingkaptaan,1
#elesig,1
#acsomega,1
#supremecourt,1
#mcoca,1
#yespunjab,1
#coworkingbarcelona,1
#ndplife,1
#onpoli,2
#ontarioelection2022,1
#londontolagos,1
#cryptopirates,1
#pst,1
#p2egame,2
#game,1
#cryptocurrecy,2
#newgem,1
#sciencefiction,3
#aliens,3
#timetravel,3
#apocalypse,5
#iartg,4
#asmsg,4
#books,13
#ebooks,5
#cryptosignals,3
#inversosignals,3
#cryptotwitter,3
#datasecurity,5
#dataanalytics,8
#flutter,6
#funteddysquad,1
#naughtyapeclan,1
#misaart,1
#verisart,1
#betterplace,2
#epa,1
#0xgcgang,1
#yellowarmy,1
#funding,1
#vc,1
#robotics,3
#robot,4
#contentwriter,1
#ahm,1
#jobringer,2
#hindco,2
#jobs,2
#jobvacancy,2
#jobseekers,2
#erotic,12
#thecapital2022,2
#sellingcontent,5
#onlyfansgirl,3
#adultwork,1
#bbw18,1
#nsfwtwtÔæü,3
#nudes,4
#nc118,2
#veteran,3
#buddhism,1
#sikhism,1
#meditation,1
#ebay,4
#smallbusiness,1
#deals,1
#sales,2
#shopping,2
#coffeelover,1
#coffeetime,2
#goodmorning,3
#curvy,1
#mom,1
#bigtits,1
#kmfmnews,1
#safeblast,1
#blast,1
#giveawayalert,1
#cryptocom,1
#privacymatters,1
#somalia,1
#madhyapradesh,1
#wedding,1
#weddinganniversary,1
#blacklove,1
#5gstandalone,3
#streetart,2
#hope,3
#humanity,2
#beauty,3
#graffiti,2
#classical,1
#latinjazz,1
#brazilianmusic,1
#worldmusic,1
#fatcats,1
#utilitynft,2
#malcolmx,1
#artist,6
#standwithukraine,5
#digitalresistance,1
#alice,1
#happyhalloween,1
#ghosts,1
#horror,1
#dystopian,1
#amreading,3
#sex,10
#cock,2
#worship,1
#dominatrix,1
#bdsm,1
#domme,1
#stylefashion,1
#beautiful,3
#blackgirlskillingit,1
#ebony,2
#clsa,1
#citicclsaforums,1
#clsajapanforum,1
#americanidol,1
#thread,5
#cambodia,1
#commercial,1
#disputes,1
#playboy,7
#rbi,1
#coinbase,2
#aithority,3
#ricardo,1
#merikkka,1
#deplorables,1
#publicsector,1
#syspunks,2
#originalart,1
#instaart,1
#artwork,4
#artlover,1
#artoftheday,3
#artistic,1
#siguemeytesigo,3
#followback,4
#sdv,3
#animation,1
#animated,1
#animatedvideos,1
#bishopoftheanglicandioceseoftamale,1
#christ,1
#christians,1
#metalgearsolid,1
#akoon,1
#construction,2
#cut,1
#cuts,1
#gamestop,2
#learning,4
#lithuania,1
#slovakia,1
#latvia,1
#estonia,1
#donbass,1
#featured,3
#machine,3
#qspiders,1
#engineer,1
#dedication,1
#reading,4
#summer,2
#sext,1
#sexting,1
#whore,2
#wankchat,1
#squirt,1
#squirting,1
#nsfwtwitter,1
#thot,1
#pyt,1
#gle,1
#greenenergy,1
#renewableenergy,2
#solarenergy,2
#biogas,1
#solarpower,2
#cleanenergy,1
#solarpanels,1
#openscience,1
#bbcworld,1
#femboy,3
#twink,3
#bigclit,1
#amateur,3
#adult,5
#diamondkitty,1
#latina,3
#anal,2
#bigbutt,1
#rubbing,1
#brazzers,1
#dirtymasseur,1
#pornstarslikeitbig,1
#best,2
#orca,2
#archviz,2
#architecture,2
#arch,3
#girlswhocode,44
#chelei,43
#livche,43
#history,1
#romanhistory,1
#pagov,1
#herbalmedicine,1
#dailytribune,1
#israel,2
#civilwar2,1
#celebrity,1
#justdoit,1
#ynh,1
#consumers,1
#capitalism,3
#success,1
#worklife,1
#leadership,3
#worklifebalance,1
#btcusd,2
#venturesfunds,1
#oceanprotocol,1
#cyphercapital,1
#admin,1
#dashboard,1
#envato,1
#themeforest,1
#bootstrap4,1
#bootstrap5,1
#webapp,1
#jquery,1
#nuclear,1
#andhra,1
#pradesh,1
#woman,1
#donates,1
#newsupdate,2
#latestnews,2
#todaynews,1
#trendingnews,1
#headlines,2
#newsheadlines,1
#mug,1
#mugs,1
#tea,1
#cocoa,1
#coffeelovers,1
#tealovers,1
#shoppingonline,2
#giftideas,3
#gifts,5
#onlineshopping,2
#holidays,2
#holidaygifts,2
#dkpol,1
#dubai,1
#365daysofcode,1
#scalerdiscord,1
#scaler,1
#scalerlearning,1
#syscoinpunks,1
#syscoin,1
#actpol,1
#freenft,1
#freenftmint,1
#alltechone,1
#jobopportunity,1
#careeropportunities,1
#careergoals,1
#careerfair,1
#careergrowth,1
#careeradvice,1
#careerguidance,1
#vacancies,1
#lamboo,1
#edutwitter,1
#controlaltachieve,1
#googleedu,1
#tlap,1
#kikerlearning,1
#accessibility,1
#solarpanel,1
#solar,1
#renewable,1
#sustainable,1
#raspberrypi,1
#linux,5
#abelladanger,1
#spreading,1
#etribune,1
#asianforbbc,1
#blackcocksmatter,1
#juneteenth,1
#bigblackcocktraining,1
#ebony—Ä0rn,1
#oral,6
#artistsontwitter,1
#creativity,1
#drawing,5
#digitalart,6
#expression,1
#lion,7
#boys,11
#couple,11
#happy,11
#chrome,1
#spaceage,1
#ceilingpendant,1
#lampshade,2
#industrial,3
#lighting,1
#ceilingshade,1
#etsyshop,3
#ccp,3
#freetibet,1
#cryptocrash,1
#lambo,2
#nftprojects,2
#nftcommuntiy,1
#nftcollectibles,2
#nftartists,4
#nftphotography,2
#nftcollections,1
#nftcommmunity,3
#aliedboy,1
#video,5
#streaming,2
#hentaicommunity,2
#ddos,1
#children,2
#family,2
#picturebooks,1
#digitalcitizenship,2
#preorder,2
#mondaymood,2
#wet,2
#hornyforhubby,1
#titsandass,1
#thighstosqueezeyou,1
#mi,2
#dl,3
#lovestory,1
#apache,1
#cowboys,1
#newmexico,1
#westerns,1
#western,1
#onthisday,2
#tibet,1
#longread,1
#newsbreak,1
#ausvoted,1
#nswpol,1
#alboispm,2
#australiavotes,1
#mementos,1
#holidaydecor,1
#holidaycards,1
#christmas,1
#halloween,1
#hanukkah,1
#blessings,1
#saudiprinces,1
#war,3
#russianarmy,1
#messi,1
#wizkid,1
#davido,1
#driving,1
#sportzchain,1
#taxsutra,1
#customs,1
#flash,1
#supremecourtofindia,1
#africa,2
#energytransition,1
#pricesaresohighbecause,1
#artgallery,1
#artofvisuals,2
#artbuyers,2
#artforsale,2
#folow4folow,1
#artnews,1
#painting,8
#artexhibition,1
#londonart,1
#pagan,1
#witchcraft,1
#magick,1
#tezos,1
#blender3d,1
#3dmodeling,1
#acrylic,2
#maryengelbreit,1
#dolls,1
#lilahdoll,1
#poems,1
#joy,1
#bliss,1
#essay,1
#pay,1
#philosophy,1
#homeworkslave,1
#digitalartist,1
#nftshill,2
#coinbasenft,1
#meta,4
#withfnd,1
#fnd,1
#rvr,2
#scienceandtechnology,2
#potentialalpha,1
#alpha,1
#kryptos,1
#augur,1
#rep,1
#taiwanchina,1
#uschina,1
#keelungtaiwan,1
#votedemocratstraightdowntheticket,1
#votebluetosaveamerica,1
#suppliers,1
#qatar,1
#imarabic,1
#en_imarabic,1
#fr_imarabic,1
#tr_imarabic,1
#motivationalmeows,1
#cats,3
#meow,1
#felinefriendly,1
#solanagiveaways,3
#minimalart,1
#watercolourpainting,1
#hourlysentiment,1
#bitcoinprice,1
#gold,3
#„Ç¥„Éº„É´„Éâ,1
#„Éì„ÉÉ„Éà„Ç≥„Ç§„É≥,1
#xauusd,1
#commentarypodcast,1
#wef2022,1
#volodymyrzelenskyy,1
#russianoil,1
#davos,2
#annualmeeting,1
#worldeconomicforum,1
#axion,1
#crayondao,1
#premierleague,1
#pl,1
#mancity,1
#liverpool,1
#robostopia,2
#bittrex,2
#enjin,1
#jumpnet,1
#cryptoart,2
#taiwanisnotchina,1
#defenddemocracy,1
#pentesting,4
#activedirectory,1
#infosec,11
#scam,1
#eurusd,1
#recommended,1
#centralbanks,1
#equities,1
#chcomexi2022,2
#perseverance,1
#motivationalquotes,1
#rlc,1
#rlcusdt,1
#pricegodown,2
#magic,3
#amwriting,5
#bookslover,3
#airesearch,1
#investing,1
#altcoin,2
#stockholm,1
#raisi,1
#executions,1
#weoccword,1
#playing,1
#earn,1
#cre,1
#commercialrealestate,1
#office,1
#podcast,1
#poweroutage,1
#ottawaoutage,1
#srilanka,2
#azadikaamritmahotsav,3
#vaccination,1
#transformers,1
#putinphile,1
#963travelban,1
#wangyi,3
#ziadnakad,1
#zn,1
#specialcollection,1
#hautecouture2022,1
#paphiopedilum,1
#epiphytic,1
#terrestrial,1
#orchid,1
#vietnam,2
#fentanyl,1
#ukraineÔ∏è,1
#supportindependentmedia,1
#analysis,1
#insight,1
#seized,1
#chalfontstpeter,1
#labour,1
#equalitylounge,1
#worldturtleday,6
#ysw,1
#teamnadia,1
#missionimpossible,56
#lootadog,2
#walk2earn,2
#doglovers,2
#nftdrops,3
#dogs,4
#memecoin,2
#doglover,2
#animallovers,2
#animallove,2
#play2earn,6
#riskywanking,1
#nakedoncorridor,1
#wanking,1
#hotel,1
#retweet,3
#risky,1
#berlin,1
#hothunk,1
#aiart,2
#aifilm,1
#aiartcommunity,1
#ainft,1
#beam,1
#beamusdt,1
#ktf,1
#trifari,1
#intelligentsystems,1
#intelligentedge,1
#embedded,1
#imx,1
#php,2
#mysql,1
#codigo,1
#ladyllamas,1
#cherries2022,1
#chemicals,1
#waterpurification,1
#nanofiltration,1
#engineeringtechnology,1
#offsite,1
#ethiopia,2
#imagine,2
#buildbackbetter,2
#milfmonday,3
#hentai,5
#hentaicomunity,1
#follow,4
#rtiflike,1
#allnatural,1
#areola,1
#busty,1
#stacked,1
#nftdiscord,1
#nftcreator,1
#nftculture,1
#avaxusdt,2
#cryptobot,2
#election2020,1
#conflictmanagement,1
#flour,1
#wheat,1
#flourmilling,1
#agriculture,1
#agribusiness,1
#georgia,2
#whitesupremacy,2
#gapol,1
#dunwoody,1
#buffalo,2
#civitalunsj,1
#itwasascam,1
#mapleresolve,1
#missionimpossible7,3
#bible,7
#god,7
#chironduong,1
#flowers,3
#vietnamese,1
#vcs,1
#regulators,1
#stablecoins,2
#ukrainewar,2
#savethechildren,1
#peacenotwar,1
#stopthewar,1
#noticias,1
#dailynews,2
#updates,1
#newspaper,1
#sport,1
#todaysnews,1
#newsreporter,1
#updatenews,1
#newsoftheday,1
#latestpost,1
#terranews,1
#dokwon,1
#interview,1
#nftspace,1
#bayc,1
#aws,1
#sagemaker,1
#zelenskyy,2
#algorithmicpeg,1
#tomb,1
#scripts,3
#could,2
#gateio,2
#usdt,1
#tigrayfamine,1
#tigraygenocide,1
#bluegovernor,1
#trichycitypolice,1
#fakepeople,1
#fakepresentation,1
#becareful,1
#bealert,1
#mothersday,1
#amazon,4
#bnwo2022,1
#blacksupremacy,1
#kings,1
#amaroklinux,1
#kernel,1
#bharat,1
#btcb,2
#eucancerplan,1
#watch,2
#presidentblunder,1
#electricvehicle,1
#eagle,1
#akhbaralyawm,1
#ÿ£ÿÆÿ®ÿßÿ±_ÿßŸÑŸäŸàŸÖ,1
#americafirst,4
#makeamericatrumpagain,1
#cio,1
#internationalnews,2
#newsfeed,2
#instagram,1
#codingpics,3
#100daysofcodechallenge,2
#pythonlearning,1
#python3,1
#udemycoupon,4
#president,2
#zelensky,2
#chernihiv,1
#maskusdt,1
#mask,1
#oasisnetwork,1
#openseapolygon,1
#phygital,1
#retail,1
#customerfocus,1
#cx,4
#demcast,7
#womensrights,1
#nftproject,4
#daily,1
#digitalhealth,3
#komicantcommunicate,1
#komisan,1
#lewd,3
#oppai,2
#ecchi,1
#swimwear,1
#marketplace,1
#hillarydidit,1
#saveforests,1
#savetrees,1
#forest,1
#naturephotography,4
#hyrcanianforests,1
#ji_cares4cholistan,2
#muslims,1
#gyanvapi,1
#mathura,1
#fauci,1
#cdc,1
#plandemic,1
#healthnews,1
#bordercrisis,1
#spoil,1
#wishlist,1
#latin,1
#goddess,1
#moanday,1
#karma,1
#dailyanalyzing,1
#telehealth,1
#pets,2
#symptomchecker,1
#serverless,1
#code,3
#cowgirlstyle,1
#nftnews,1
#vevefam,1
#hro,1
#recur,1
#club,1
#sports,2
#weekendvibes,1
#crookedhillary,1
#lockherassup,1
#eastafrica,1
#careeropportunity,1
#mediatransformation,1
#api,1
#exhibitions,1
#photooftheday,2
#like,1
#fashion,3
#illustration,3
#picoftheday,1
#photo,2
#design,4
#fanart,1
#paint,1
#arte,2
#drawmondaymotivation,1
#influencer,1
#wcw,1
#acdd2022,1
#votebluedownballot,1
#khuzestan,3
#witcher,1
#merigold,1
#thewitcher,1
#pinup,1
#datascientists,2
#neuralnetworks,2
#camgirl,3
#webcam,1
#onlyfanspromo,1
#manyvids,1
#bottomgojoweek2022,1
#fed,3
#bchat,1
#dapp,1
#beldex,1
#riseofrest,1
#heartlandsummit2022,1
#youtube,2
#pedaloftheday,1
#effectspedals,1
#guitarfx,1
#pedaljunkie,1
#obne,1
#oldbloodnoiseendeavors,1
#procession,1
#reverb,1
#godnightmonday,2
#hometobilo,1
#emplaw,1
#hr,1
#luckybee,1
#pantyhose,1
#kooyongvotes,1
#urosome,1
#symbotic,1
#walmart,1
#pornlegends,1
#pornstars,1
#babes,1
#domainname,1
#car,1
#auto,1
#ev,1
#electricvehicles,1
#gtc,1
#dogecoin,1
#windchime,1
#ornament,1
#etsyhandmade,1
#handmade,3
#kharkiv,1
#bidencheated,1
#draintheswamp,1
#letsgobrandon,1
#minorattractedperson,1
#tempertantrumjoe,1
#sniffyjoe,1
#greece,1
#ŒµœÄŒπŒ∫Œ±ŒπœÅŒøœÑŒ∑œÑŒ±,1
#customer,2
#experience,2
#b2b,3
#law,1
#mutantmonday,1
#dac,1
#dacmutants,1
#dacshill,1
#degenapes,1
#degenapeclub,1
#mdac,1
#epl,1
#alisson,1
#omaha,1
#atproud,1
#sexyunderwear,1
#mud,1
#mpv,1
#wam,1
#messy,1
#outdoor,1
#redhead,1
#kermanshah,1
#kik,1
#snapchat,1
#femdom,1
#trustgems,1
#tgt,1
#airdrop,2
#launchpad,1
#trans,1
#tgirl,1
#transgirl,1
#transporn,1
#shemale,1
#image,1
#sharing,1
#profits,1
#howtoearnmoney,1
#bugcrowd,1
#bugbountytips,1
#bugbountytip,1
#malware,3
#bughunter,1
#programmingmemes,1
#nextjs,1
#github,1
#configuroweb,1
#sunlight,1
#catalytic,1
#oxidation,1
#hydroxymethylfurfural,1
#blender,1
#b3d,1
#room,1
#dreamscape,1
#surreal,2
#render,1
#macroeconomics,1
#dollarindex,1
#eu,4
#sanctions,1
#gas,2
#france,1
#topgunmaverick,1
#syria,1
#odisha,1
#ontariovotes,1
#happymonday,1
#include,1
#patriotsunite,1
#bot,2
#wellness,1
#powerplatform,1
#authors,2
#wordofgod,1
#digitalundp,1
#wilmslow,1
#bitcoinpizzaday,3
#csgocommunity,1
#bitcasinoxevilgeniuses,1
#nba,1
#basketball,1
#blockchainnews,1
#bitcoinnews,1
#qash,1
#bch,1
#33rdskulllegion,1
#competition,1
#win,6
#competitionalert,1
#bigbooty,1
#sloppy,1
#fatpussy,1
#fatass,2
#backshots,2
#nsfwtw,1
#freakshits,1
#mrgfam,1
#animenft,1
#nftjpn,1
#religiousrepression,1
#cryptopunks,1
#jane,2
#horney,2
#facedown,1
#assup,1
#creamy,1
#bigtitties,1
#blackslut,1
#bara,1
#musclegrowth,1
#tf,1
#4chan,2
#linuxprofessionalinstatute,1
#lpilearning,1
#international,1
#trads,1
#developers,1
#bugbounty,1
#cyberattack,3
#johnson,1
#refuses,1
#sanction,1
#lebedev,1
#enabled,1
#noexcuses,1
#besafebesound,1
#independent,1
#green,1
#federalicac,1
#climateemergency,1
#ausvotes2022,1
#lancer,1
#sketch,2
#comic,2
#market,1
#buyingcontent,1
#sellingnudes,1
#buyingnudes,1
#meeramitun,1
#kollywood,1
#bra,1
#navel,1
#ycombinator,1
#pebble,1
#healthtech,2
#mhealth,2
#abstract,1
#electronic,1
#tshirts,3
#cool,1
#modern,1
#popular,1
#fire,1
#colors,1
#broken,1
#tshirtdesign,1
#circuit,1
#clothing,2
#hice,1
#raffensperger,1
#newyork,2
#newyorkcity,1
#newyorkforever,1
#thebigapple,1
#bigapple,1
#maps,1
#travel,1
#nearnft,1
#digitaltrust,3
#newsletter,3
#techforgood,3
#funkopop,2
#republicansaretheproblem,1
#costofliving,1
#bidendelivers,1
#aff,1
#alm,1
#nlf,1
#jam,1
#hrf,1
#neoliberalfundamentalists,1
#hedgefunders,1
#greed,1
#iranprotests,3
#no2ir,1
#highlights,2
#lastnight,2
#africanisme,2
#exhibition,2
#crime,2
#worldnews,1
#followme,3
#jav,2
#kinky,2
#cumshots,2
#bdm,1
#projecthelpyougrow,1
#ira,1
#sundayfunday,1
#swallows,1
#deepthroat,1
#dick,2
#bwc,1
#cumslut,1
#missing,1
#adopted,2
#cetaphill,1
#skincare,1
#skincareroutine,1
#skincaretips,1
#product,1
#pictures,1
#spirits,1
#trees,1
#water,1
#therundown,7
#collect,1
#thehobby,1
#racist,1
#crt,1
#school,1
#publicschool,1
#washingtondc,1
#maharashtra,1
#jharkhand,1
#strangerthings,1
#keepmovin,1
#begreat,1
#neverflinch,1
#unmanned,1
#ebace2022,1
#rings,2
#diamonds,2
#engagementring,1
#diamondweddingring,1
#diamondengagementring,1
#diamondring,1
#programmingjoke,1
#richardmedhurst,1
#konstantinyaroshenko,1
#yaroshenko,1
#assassination,1
#marandi,1
#astroguys,1
#moon,1
#space,1
#cro,1
#natsec,1
#infosecurity,2
#cyber,1
#osint,1
#elonmusktwitter,1
#ccpa,1
#phishing,2
#boomersonbooks,1
#issf,1
#grandprix,1
#granada,1
#ita,1
#nor,1
#digitalbanking,1
#stoprussia,1
#killnet,1
#urgencyofnormal,1
#coronaphobia,1
#deppvsheard,4
#justiceforjohnny,4
#got7,1
#Í∞ìÏÑ∏Î∏ê,1
#igot7,1
#original,1
#everydayoriginal,1
#sheikhrasheed,1
#lalhaveli,1
#rawalpindi,1
#r,1
#womeninstem,1
#bloc,1
#home,1
#bohostyle,1
#cottagestyle,1
#countryhome,1
#countryliving,1
#decor,1
#farmhouse,1
#farmhousedecor,1
#farmhousestyle,1
#homeinspo,1
#homesweethome,1
#modernfarmhouse,1
#modernrustic,1
#btcusdt,1
#ftmusdt,1
#gmtusdt,1
#ftx,1
#chinathreat,1
#lagunawoods,1
#scan,2
#bypassing,1
#itops,1
#letscreate,1
#russiaukrainewar,1
#naturalturmericsupplement,1
#organicturmericsupplement,1
#turmericsupplement,1
#alkalinewaterbottles,1
#alkalinevitaminbottles,1
#organicgreek,1
#pmlnokarajalsa,1
#nobabyformulabiden,3
#notmypm,1
#liberal,1
#devil,1
#followers,1
#bolton,1
#help,1
#helpinghand,1
#helixstudios,2
#triplgxxx,1
#cfc,1
#rip,1
#minimalphotos,1
#dailyphoto,1
#landscape,1
#minimalistphotography,1
#minimalistphotographyawards,1
#minimalism,1
#minimalistphotographerscommunity,1
#fotografia,1
#ÿπ⁄©ÿßÿ≥€å,1
#fotografie,1
#onlinecourses,1
#udemyfree,1
#udemy,1
#development,1
#codewithcipher,1
#artificialinteligence,1
#fft2414,1
#fft,1
#a321,1
#n704fr,1
#a963f7,1
#roboflow,1
#redteam,1
#pentest,1
#digilocker,1
#whatsapp,1
#oscp,1
#informationsecurity,1
#rapbot,1
#lilyrader,1
#blonde,1
#superhot,1
#cancer,1
#kaggle,1
#paytech,1
#ffnews,1
#disciplesoffortune,1
#saga,1
#london,1
#paris,1
#doctormonkey,1
#dmonkey,1
#charity,1
#diesel,1
#mintable,1
#nftbuyers,1
#nftbuyer,1
#donaldtrump,1
#civilwar,1
#theindependent,1
#businessinsider,1
#bluechecks,1
#abuse,1
#gokkun,1
#blowbang,1
#cuminmouth,1
#cockservice,1
#cumwhore,1
#sperm,1
#colinkaepernick,1
#blm,2
#civilrights,1
#makemoney,1
#fjt,1
#fujicompany,1
#bounty,1
#token,1
#azbit,1
#marvininu,1
#xlm,2
#bidensamerica,1
#recession2022,1
#bidensucks,1
#amazonas,1
#amazonprime,1
#amazonia,1
#seeds,1
#strawberry,1
#roots,1
#bundles,1
#garden,1
#gardening,1
#releaseyasinmalik,1
#birds,4
#goldfinch,1
#designer,2
#hautecouture,2
#locuschain,1
#pruning,1
#powershell,1
#tokenized,1
#global,1
#economies,1
#lifestyle,3
#pax,2
#phonesex,1
#familyfun,1
#solanagiveaway,1
#sponsor,1
#magical,1
#churchtoo,1
#sbctoo,1
#discodiffusion,1
#spaceart,1
#surrealart,1
#scifiart,1
#lamps,1
#nightlights,1
#50s,1
#etsygifts,1
#gift,2
#glassblock,1
#martini,1
#etsyfinds,1
#midcenturymodern,1
#wine,1
#barware,1
#mancave,1
#fathersdaygifts,1
#giftsforhim,1
#giftsfordad,1
#guys,1
#dailystkleadercount,1
#neo,1
#neo3,1
#neon3,1
#n3,1
#blockchaingaming,1
#neoverse,1
#asix,2
#nusantaraverse,2
#democratsaredestroyingamerica,1
#kobo,1
#blandly,1
#detective,1
#noiralley,1
#kanganaranaut,1
#dhaakad,1
#pubquiz,1
#quiz,1
#quiznight,1
#headingley,1
#leeds,1
#ls6,1
#glitchartist,1
#psychedelicart,1
#generativeart,1
#glitchart,1
#kleincupplayoffs,1
#democratsdeliverforthepeople,5
#ifb,1
#brazil,1
#waragainstterrorism,1
#livres,1
#sculpture,1
#terra,2
#web30,1
#gaming,2
#promotion,1
#fiverr,1
#curbyourenthusiasm,1
#larrydavid,1
#trumpcrimefamily,1
#trumpisanationaldisgrace,1
#donald,1
#tabbednews,1
#datastories,1
#adasarmy,1
#ec01,1
#ndts,1
#sponsored,1
#vets,1
#oh,1
#origigator,1
#mombod,1
#maturemilf,1
#cougar,1
#babyformula,1
#babyformulashortage,1
#bluewave2022,1
#bluewave,2
#ireland,1
#public,1
#√∂ffentlichkeit,1
#gopfascism,1
#vegalms,1
#diabetes,1
#cookbook,1
#metrotimes,1
#naija,1
#tableau,1
#tableauvisionaries,1
#data,6
#mold,1
#titanofork,1
#google,2
#apple,1
#ios,1
#liplovers,1
#dickonme,1
#cumkissing,1
#cumtribe,1
#cunmtribute,1
#wanktribute,1
#bigdick,2
#indianwife,1
#renewables,3
#istandwithukraine,1
#dbtvlive,1
#digitalmedia,1
#cran,1
#thejackochallenge,1
#rule34,1
#r34,1
#oc,1
#ableg,1
#deppvheardtrial,4
#2a,1
#rebuild,1
#btcs,1
#engineering,2
#ethicalhacking,2
#keylogger,1
#governance,1
#dearjimin,1
#jimin,1
#aksu,1
#gemstonebeadnecklace,1
#shopmycloset,1
#houston,1
#local,1
#katiemorgan,1
#rbxs_token,1
#delhi,1
#siam,1
#cng,1
#cngprices,1
#fuelpricehike,1
#petrolprice,1
#dieselprice,1
#stop,1
#giving,1
#christianity,1
#pass,1
#violence,1
#absolutelyright,1
#religions,1
#extreme,1
#fundamentalist,1
#elements,1
#twisted,1
#faith,1
#darkpurposes,1
#teacher,1
#message,1
#remember,1
#urbanart,1
#coinmasterspins,1
#coinmaster,1
#coinmasterfreespinlink,1
#coinmasterfreecoin,1
#coinmastercollectspin,1
#coinmasterhacks,1
#thedigitalcoach,1
#drones,2
#deliver,1
#certik,2
#minato,1
#booktwt,1
#pakfminchina,1
#newbooktitle,4
#explorerclassroom,1
#miamiheat,1
#biologicaldiversity,1
#ithinklabs,1
#autonomousvehicles,1
#elonmusk,1
#tuckercarlson,1
#philippines,1
#pledges,1
#beijing,1
#english,1
#tianjin,1
#zerocovid,1
#eastturkestan,1
#nbc,2
#msnbc,1
#cnbc,1
#shorts,1
#whataboutismisntgoodlogic,1
#paidsearch,1
#january6th,1
#moscowmitch,2
#goodmorningtwitterworld,1
#morning,1
#adoptdontshop,1
#tenchi,1
#meerajquotes,1
#coach,1
#coaching,1
#dailyprompt,1
#martech,1
#flowermoon,1
#sharjah24,1
#moviegay,1
#helixstudio,1
#mozosx,2
#blossom,1
#grass,1
#3d,2
#lumena,1
#glassart,1
#atelierstokowski,1
#cicd,2
#k8s,2
#docker,2
#sysadmin,2
#kamalaharris,1
#indieauthors,1
#scotus,1
#datamining,1
#freepalestine,1
#tomcruise,2
#mi7,2
#movietrailers,2
#hippa,1
#daredevil,1
#mattmurdock,1
#kemp,1
#perdue,1
#endtigraysiege,2
#endtigrayfamine,2
#photograph,1
#naturebeauty,1
#flensburg,1
#admiral,1
#d√∂nitz,1
#spheal,1
#pokemon,1
#bird,3
#birdwatching,3
#birding,3
#hummingbird,3
#naturelovers,3
#hackersacademy,1
#securitynews,1
#srilankaeconomiccrisis,2
#rightwingbalkanwars,1
#opinion,1
#democrat,1
#nancypelosi,1
#atomizer,1
#perfume,1
#scent,1
#401k,1
#aiethics,4
#floki,1
#flokidao,1
#eritrea,1
#lifesabeach,5
#giveawayhop,5
#btevents,5
#unknown,3
#boeing,1
#ae117b,1
#scotradar,1
#lka,1
#cbsl,1
#ravivisvesvarayasharadaprasad,1
#keerthysuresh,1
#jennie,1
#quadsummit,1
#rakeshjhunjhunwala,1
#imranriazkhan,1
#istandwithjohnnydepp,2
#xfactorgr,1
#babydriver,1
#mark,1
#layer0,1
#miloinu,1
#pentasian,2
#jerkoff,1
#wank,1
#bator,1
#southernbaptists,1
#holyrollers,1
#reader,1
#readersoftwitter,1
#readerscommunity,1
#goodreads,1
#bestbooks,1
#ddosecrets,1
#mission,1
#impossible,1
#reckoning,1
#animals,1
#giraffe,1
#elephant,1
#ink,1
#comics,1
#character,1
#ew,1
#bybit,2
#gdsciter,1
#vulnerability,3
#horse,1
#bracelet,1
#caldwell,1
#apparel,1
#streetwear,1
#clothingbrand,1
#tshirt,1
#style,1
#clothes,1
#throwpillow,1
#pillow,1
#throwpillows,1
#pillows,1
#pillowcover,1
#pillowcase,1
#decorativepillows,1
#cushion,1
#finland,1
#ccna,1
#cybersecuritytips,1
#networksecurity,1
#theserialkillersgirl,1
#northumberland,1
#readingcommunity,1
#mazmorra,1
#sesiones,1
#fetichismo,1
#dominaci√≥n,1
#dungeon,1
#smallbusinessowners,1
#smallbiz,1
#azovstal,1
#paleontology,1
#zoology,1
#nftgame,1
#pdf,2
#czechrepublic,2
#lapad,1
#lapadairdrop,1
#airdropkingnews,1
#teendick,1
#hungteen,1
#barelylegal,1
#jerking,1
#noh8,1
#resistance,1
#fbr,1
#strongertogether2022,1
#deppheardtrial,1
#80s,1
#acba,1
#actionfigures,1
#actionfigurephotography,1
#cowabunga,1
#donatello,1
#leonardo,1
#marycassatt,1
#artists,1
#impressionism,1
#platform,1
#driedflowers,1
#onlyfansvideo,1
#onlyfansmale,1
#onlyfansguy,1
#tokyo,1
#filthyrich,1
#inequality,1
#serialkiller,1
#cameroon,1
#deadreckoning,1
#missionimpossibledeadreckoning,1
#alevels2022,1
#foundation,1
#rbloggers,1
#springforart,1
#humantrafficking,1
#uniswapv2,1
#metamaskswap,1
#uniswapv3,1
#polygonposbridge,1
#usdc,2
#hitbtc,1
#teamwork,1
#gohardasht,1
#alborz,1
#ovearth,1
#ajilbookmarked,1
#unityforethiopia,1
#noracism,1
#partygate,17
#tory,1
#pinetwork,1
#picoin,1
#pi,1
#mrrecovery,1
#investor,1
#crypto4all,1
#antique,1
#videoart,1
#cryptofangs,1
#enterart,1
#usdd,1
#mrsjayceejones,1
#mrsjonesmilf,1
#mrsjonesmommy,1
#pump,1
#throbbing,1
#hardware,1
#adulttoy,1
#inked,1
#tattoo,1
#cervicalcancer,1
#vaccine,1
#sii,1
#seruminstituteofindia,1
#brooklynmuseum,1
#museumarchive,1
#fizzgate,1
#policecorruption,1
#torycorruption,1
#whalealert,1
#classics,1
#botnet,1
#indiedev,1
#gamedev,1
#games,1
#gamer,1
#pcbuild,1
#nordstream,1
#hellopantha,1
#hello,1
#pantha,1
#openscad,1
#downloadablepythoncode,1
#sundayvibes,1
#jjjtrailer,1
#metooindia,1
#metoo,1
#ovttds,1
#datagovernance,1
#radicalhistory,1
#farmerlabor,1
#19th,1
#20th,1
#movementmonday,1
#immigrants,1
#albania,1
#decorativ,1
#pathfundv2,1
#westandwithjaybefaunt,1
#humanright,1
#mutualaid,1
#bookbubble,1
#religion,1
#spirituality,1
#madrassavsmodernity,1
#longcovid,1
#housingcrisis,1
#deppvheard,1
#fentybeautyxmaria,1
#cryptotrends,1
#cryptoprojects,1
#moveapy,2
#mone2earnapy,2
#rebase,2
#pinksale,2
#everyone,1
#partygatecoverup,2
#ruralandurbanleft,1
#johnsonout,1
#terraluna,1
#digitalcurrencies,1
#kingfloki,1
#kingflokirelaunch,1
#cryptogem,1
#medicareforall,1
#islamic,1
#is,1
#hashd,1
#kurdish,1
#kirkuk,1
#kurdistan,1
#twitterkurds,1
#isis,1
#pminjapan,1
#trumpzucker,1
#swallowsunday,1
#c4news,2
#oneruleforthem,1
#bbcpm,1
#authoritarianmovement,1
#automotive,1
#profit,1
#911lonestar,1
#grow,1
#serve,1
#blessed,1
#clearwater,1
#realestateagent,1
#hotusdt,1
#definitelynot,1
#science,2
#it,1
#atromg8,1
#fomo,2
#43yearsofmisery,1
#buildingghanatogether,2
#nowarwithchina,1
#breakthesilence,1
#iic2022,1
#warpimps,1
#move,1
#barrelbomb,1
#noblues,1
#suegrayreport,1
#torybritain,1
#suegray,1
#liarjohnson,1
#electricsheep,1
#mintlist,1
#aiio,1
#nlu,1
#tpss,1
#edge,1
#circular,1
#peggysmedley,1
#starwars,2
#obiwankenobi,1
#vintagestyle,1
#vintagejewellery,1
#costumejewelry,1
#costumejewellery,1
#artdeco,1
#artdecostyle,1
#auction,1
#rare,1
#cam4,1
#software,3
#couchbase,1
#database,1
#smarthome,1
#crestronmetaverse,1
#huobi,1
#socialmediamarketing,1
#bhivenectar,1
#bhivelabs,1
#nectarsocial,1
#federalway,1
#metpoliceuk,1
#suegrayreportnow,1
#gpt3,2
#openai,2
#languagemodel,2
#metasai,2
#opensourcegpt3,2
#openaiopensource,2
#openaiopensourcegpt3,2
#internalmechanism,2
#mit,1
#dod,1
#portsmouthhelpsukraine,1
#callitagenocide,1
#snowwhite,1
#zevierga_collection,1
#staffordshire,1
#giftexperience,1
#mythologymonday,1
#amberheardlsanabuser,1
#sciencetwitter,1
#equality,1
#findinglove,1
#bostic,1
#hospitality,1
#kashmir,1
#truecrime,1
#booktwitter,1
#equipment,1
#dealers,1
#gyanvapicourttest,1
#jimcrowgop,1
#wakeupamerica,1
#link,1
#crv,1
#devcommunity,1
#lavrov,1
#specialmilitaryoperation,1
#liveblue2022,1
#propaganda,1
#votethemallout,1
#perverts,1
#surat,1
#darkmatter,1
#jukebox,1
#infinityswap,1
#icp,1
#dfinity,1
#asia,1
#uruguay,1
#mostshared,1
#bitcoinmining,1
#miningrig,1
#warday,1
